"Track URI","Track Name","Artist URI","Artist Name","Album URI","Album Name","Disc Number","Track Number","Track Duration (ms)","Added By","Added At"
"spotify:track:3LMQL9CSxvUP2m8FeFszP6","Wann dann","spotify:artist:4WZGDpNwrC0vNQyl9QzF7d, spotify:artist:1ReCqmDLLcp6Z0bCh2JDCA","Capital Bra, Capital T","spotify:album:7lMj2eyO1nGayMF5KYMh4p","Berlin lebt","1","15","189512","","2020-07-26T16:12:48Z"
"spotify:track:2EBCVPNAG46nbgs6jXPGvv","Starships","spotify:artist:0hCNtLu0JehylgoiP8L4Gh","Nicki Minaj","spotify:album:22F5ZYY1sxoJjk6HzZfmC1","Pink Friday: Roman Reloaded The Re-Up (Explicit Version)","2","10","210626","","2020-07-25T07:54:58Z"
"spotify:track:0Altlm3kLPob56k2qqR4i2","Money and the Power","spotify:artist:6KZDXtSj0SzGOV705nNeh3","Kid Ink","spotify:album:6qBNm8dkdowRUUrN7uwR11","My Own Lane (Expanded Edition)","1","16","207133","","2020-07-22T16:56:52Z"
"spotify:track:39Yp9wwQiSRIDOvrVg7mbk","THE SCOTTS","spotify:artist:2PaZWGu5T5nHjY2xxAkFsT, spotify:artist:0Y5tJX1MQlPlqiwlOH1tJY, spotify:artist:0fA0VVWsXO9YnASrzqfmYu","THE SCOTTS, Travis Scott, Kid Cudi","spotify:album:7q6zjWaLw8bN5nYiBWjrus","THE SCOTTS","1","1","165977","","2020-07-21T18:44:36Z"
"spotify:track:285pBltuF7vW8TeWk8hdRR","Lucid Dreams","spotify:artist:4MCBfE4596Uoi2O4DtmEMz","Juice WRLD","spotify:album:6tkjU4Umpo79wwkgPMV3nZ","Goodbye & Good Riddance","1","3","239835","","2020-07-21T18:37:07Z"
"spotify:track:7pYfyrMNPn3wtoCyqcTVoI","Moves Like Jagger - Studio Recording From The Voice Performance","spotify:artist:04gDigrS5kc9YWfZHwBETP, spotify:artist:1l7ZsJRRS8wlW3WfJfPfNS","Maroon 5, Christina Aguilera","spotify:album:1snrPQMoTrBsKl73wzSxbn","Hands All Over (Revised International Standard version)","1","13","201493","","2020-07-20T11:31:20Z"
"spotify:track:61qXzQHMSwk3PStleYDJ2v","Feel the Melody (feat. Sara)","spotify:artist:11aa081aKYUzmeFm0yHdT2","S3RL","spotify:album:22XZGzHaecMdvPblP9f2Ic","Feel the Melody (feat. Sara)","1","1","232631","","2020-07-19T07:42:02Z"
"spotify:track:7fUWZUNj5qbEuoL6K9947g","Heute mit mir","spotify:artist:3ZuBEj9ppJe8GSdKaMTfMN","Nimo","spotify:album:3mGsvwzWyad9lRd1hhR89w","K¡K¡","1","5","221680","","2020-07-18T17:35:34Z"
"spotify:track:6XjEOPgbgHKcaHcunEHSJJ","UFF","spotify:artist:4VuARVJiWGsH2msKTdsKdQ, spotify:artist:5eioJDe26lOqkAMbuhzZYs","Veysel, Gzuz","spotify:album:4c8uuiJQch1vRKigQJgBWG","UFF","1","1","167626","","2020-07-18T15:56:19Z"
"spotify:track:1WoM4mof0Nl1xPtwf6h6ow","FLY","spotify:artist:5p7mWeX4RlvqBCxylfiXdE, spotify:artist:3drqpTL4sQOckmAfF9i1wg","KC Rebell, Summer Cem","spotify:album:4Ve9yWpcqa5lmjcp7UKK7h","FLY","1","1","174893","","2020-07-17T07:53:04Z"
"spotify:track:2rxxXYtTIFKyrhJpofeoIX","valla nein! (feat. Luciano)","spotify:artist:5p7mWeX4RlvqBCxylfiXdE, spotify:artist:3drqpTL4sQOckmAfF9i1wg, spotify:artist:3CJKkU0XuElRT1z8rEtIYg","KC Rebell, Summer Cem, Luciano","spotify:album:2Qhq1PHID06iBhMUzryH8Z","valla nein! (feat. Luciano)","1","1","182040","","2020-07-17T07:53:04Z"
"spotify:track:1louJpMmzEicAn7lzDalPW","No Promises (feat. Demi Lovato)","spotify:artist:7DMveApC7UnC2NPfPvlHSU, spotify:artist:6S2OmqARrzebs0tKUEyXyp","Cheat Codes, Demi Lovato","spotify:album:6301sWkK7hVwcrhcEwKPcH","No Promises (feat. Demi Lovato)","1","1","223503","","2020-07-15T14:54:15Z"
"spotify:track:5RzFJd6W40SDTyZkX6xx45","I Know You Want Me (Calle Ocho)","spotify:artist:0TnOYISbd1XYRBk9myaseg","Pitbull","spotify:album:00zN65JStpVnpJn9ckMsQI","Pitbull Starring In Rebelution","1","3","237120","","2020-07-13T15:15:23Z"
"spotify:track:3US6RbELvvrPw3DcvtJmis","Komm Komm","spotify:artist:4WZGDpNwrC0vNQyl9QzF7d","Capital Bra","spotify:album:0yzVgCBXBGlezXjtLUPk61","Komm Komm","1","1","160666","","2020-07-08T18:55:02Z"
"spotify:track:24ySl2hOPGCDcxBxFIqWBu","Rain On Me (with Ariana Grande)","spotify:artist:1HY2Jd0NmPuamShAr6KMms, spotify:artist:66CXWjxzNUsdJxJ2JdwvnR","Lady Gaga, Ariana Grande","spotify:album:4TqgXMSSTwP3RCo3MMSR6t","Rain On Me (with Ariana Grande)","1","1","182200","","2020-07-08T18:54:38Z"
"spotify:track:6cjSh516BbrNUs213jDAGm","Graduation (with Juice WRLD)","spotify:artist:5CiGnKThu5ctn9pBxv7DGa, spotify:artist:4MCBfE4596Uoi2O4DtmEMz","benny blanco, Juice WRLD","spotify:album:669dgT2kmrAMrrPaEEHWyE","Graduation (with Juice WRLD)","1","1","177847","","2020-07-05T10:19:10Z"
"spotify:track:5Sco7mbJy7p7vdDtJW10fZ","Born For This","spotify:artist:2q3GG88dVwuQPF4FmySr9I","The Score","spotify:album:4enE8eppWJ9fQXLqTP2TDE","Pressure","1","4","234013","","2020-07-05T09:27:15Z"
"spotify:track:71vsEyBd4X1D5BUmLdFSVH","Black Widow","spotify:artist:5yG7ZAZafVaAlMTeBybKAL, spotify:artist:5CCwRZC6euC8Odo6y9X8jr","Iggy Azalea, Rita Ora","spotify:album:6lBTYoX7ZzU2Xbf8RHAv0u","The New Classic","1","10","209423","","2020-07-05T09:11:37Z"
"spotify:track:0i0wnv9UoFdZ5MfuFGQzMy","Last Hurrah","spotify:artist:64M6ah0SkkRsnPGtGiRAbb","Bebe Rexha","spotify:album:5ljc69MQ6iwGcJ4SmHaAh5","Last Hurrah","1","1","150333","","2020-07-05T09:08:47Z"
"spotify:track:7hzlzoOwCZ4D3Ow5YZK4kj","Insomnia","spotify:artist:6Dd3NScHWwnW6obMFbl1BH","Daya","spotify:album:673e3sPgdJWrPAIBvaKysa","Insomnia","1","1","179745","","2020-07-04T09:37:43Z"
"spotify:track:0znCw9dSfsrBGUtxAzd9kD","5 shots","spotify:artist:5i4BaWy8YIun1u3RXwmlWn","gianni & kyle","spotify:album:11Qj26GALY0xPZOn5Ser00","she's no angel","1","3","181709","","2020-07-04T07:57:51Z"
"spotify:track:51Of5p3lKZeOg6itfs4og4","Lovefool","spotify:artist:7ACEUD7UsmmXrnj4OLt8f9","twocolors","spotify:album:6UYWmM8RfG3DAKC7OyUPBT","Lovefool","1","1","190487","","2020-07-03T10:49:47Z"
"spotify:track:7hCl1n3ZTCLxQKAah9s2ox","Selfmade Babylon (feat. Bozza)","spotify:artist:13bDjug9N0pyv3ZUINjkDV, spotify:artist:4WoSAKuoaPxrbwp3Y1PvKb","Bausa, Bozza","spotify:album:7elUTrXEn0WEt869oWwA4r","Selfmade Babylon (feat. Bozza)","1","1","199933","","2020-07-03T10:20:19Z"
"spotify:track:0p3euGPg5LgFeQGC7bBFuR","XXL","spotify:artist:76dRoxKtDwYkgCQePok9cU, spotify:artist:3drqpTL4sQOckmAfF9i1wg, spotify:artist:3CJKkU0XuElRT1z8rEtIYg, spotify:artist:4sVieJlKgpZ2k9ESNS5IdN","Miksu / Macloud, Summer Cem, Luciano, Jamule","spotify:album:3SxCrf0o6l2jjooJ1mpkic","XXL","1","1","166173","","2020-07-03T10:04:46Z"
"spotify:track:43nTVV8UMUv3jVx5MpYEGO","Everybody","spotify:artist:6SbkdoreoUsexJVVmFAOFl","Elijah N","spotify:album:7GFDwR3G1jijRt07omeW6C","Forgetting This","1","5","181904","","2020-07-01T05:50:42Z"
"spotify:track:4GQVsXO7jkxg43UmAd1Tbb","South Beach","spotify:artist:0daugAjUgbJSqdlyYNwIbT","Vicetone","spotify:album:3QHzDk8ZjtraFSlNpRfzII","South Beach","1","1","201951","","2020-07-01T05:47:37Z"
"spotify:track:6lE0zLzuF1shwFU2bBlWl3","Everybody","spotify:artist:6SbkdoreoUsexJVVmFAOFl","Elijah N","spotify:album:7zM4SKCb1ht9MyaShVtY4g","Forgetting This","1","7","181904","","2020-06-30T17:49:16Z"
"spotify:track:7IFzFaNH46sLi8cwh5fMIB","Overtime - Vicetone Remix Edit","spotify:artist:1LOB7jTeEV14pHai6EXSzF, spotify:artist:0daugAjUgbJSqdlyYNwIbT","Cash Cash, Vicetone","spotify:album:4Ao2KsBo2f6lZkQt9Y8zIO","Overtime (Vicetone Remix)","1","1","203095","","2020-06-27T11:28:21Z"
"spotify:track:65Wn0KpbPXTVLNQNEMtK1j","Call On Me - Radio Edit","spotify:artist:5sm0jQ1mq0dusiLtDJ2b4R","Eric Prydz","spotify:album:3ukCPdSolXB251ff5wy8H5","Call On Me","1","1","171360","","2020-06-27T10:18:13Z"
"spotify:track:3TMW1GOB1lsmvf8er2dE8g","Lambo Diablo GT (feat. Nimo & Juju) - Remix","spotify:artist:5y9wg9qkGBl0n9v9RzaPKu, spotify:artist:3ZuBEj9ppJe8GSdKaMTfMN, spotify:artist:4sg4no0TXdsrM1s4SVUwNF","Capo, Nimo, Juju","spotify:album:78SjtioGS10lFchsD1XMH4","Lambo Diablo GT (feat. Nimo & Juju) [Remix]","1","1","317902","","2020-06-27T09:59:41Z"
"spotify:track:0tPQPaOKM32WgMSbPCYyRH","Dirty Sexy Money (feat. Charli XCX & French Montana)","spotify:artist:1Cs0zKBU1kc0i8ypK3B9ai, spotify:artist:4D75GcNG95ebPtNvoNVXhz, spotify:artist:25uiPmTg16RbhZWAqwLBy5, spotify:artist:6vXTefBL93Dj5IqAWq6OTv","David Guetta, Afrojack, Charli XCX, French Montana","spotify:album:613u1KxcevDq5Kd8j0zD2U","Dirty Sexy Money (feat. Charli XCX & French Montana)","1","1","172687","","2020-06-26T09:36:36Z"
"spotify:track:1Szod3mLKHywl09AOy08Xc","Spaceships","spotify:artist:76YIoWHp3Ri3q1ocOPtFzp","AREA21","spotify:album:7FdgB34edYkJcORi7dAXGi","Spaceships","1","1","169608","","2020-06-24T14:01:15Z"
"spotify:track:2QseMEJWXcMDLaWsGNYS2h","Vidorra","spotify:artist:49CE2ffZ6Z3zeYSDauSKck","Tungevaag","spotify:album:3DNb31StIH9ePAjYs90EWF","Vidorra","1","1","219384","","2020-06-24T13:37:50Z"
"spotify:track:0npfbfNxvDL4fZ3flLWZQL","Rave Religion (feat. Little Big)","spotify:artist:1ZyqnbV7Brg5LgyS4EZCUD, spotify:artist:0pnd3MP2rxAzljR9AqXUJB","FiNCH ASOZiAL, Little Big","spotify:album:2XTORm9FlIAjLcTqrguBhM","Finchi's Love Tape","1","11","182520","","2020-06-23T10:14:06Z"
"spotify:track:1ucAgkQ4EQDCSXQ2kEk99k","UNO","spotify:artist:0pnd3MP2rxAzljR9AqXUJB","Little Big","spotify:album:60kZ537D8BGp3GNkGdY0fD","UNO","1","1","160756","","2020-06-23T10:13:49Z"
"spotify:track:0cDwUAF7yQrOLRcFfJpSc2","Zero - From the Original Motion Picture ""Ralph Breaks The Internet""","spotify:artist:53XhwfbYqKCa1cC15pYq2q","Imagine Dragons","spotify:album:3eiAj6uPlzdAKagriQb3Hq","Zero (From the Original Motion Picture ""Ralph Breaks The Internet"")","1","1","210934","","2020-06-21T08:29:43Z"
"spotify:track:1KqvRRQd3lfM0pAlkGPrgD","Shape of You (feat. Nyla & Kranium) - Major Lazer Remix","spotify:artist:6eUKZXaKkcviH0Ku9w2n3V, spotify:artist:4VZY0nxYMSNotbS7WjNVQy, spotify:artist:1LKo6ZA3RNvKtLa6zDu32S, spotify:artist:738wLrAtLtCtFOLvQBXOXp","Ed Sheeran, Nyla, Kranium, Major Lazer","spotify:album:5j1qqBBmxrDu58pYAj8r9v","Shape of You (feat. Nyla & Kranium) [Major Lazer Remix]","1","1","192000","","2020-06-20T20:33:10Z"
"spotify:track:6h89vMWcUdukHrlEPNHX9f","Sweat - Remix","spotify:artist:7hJcb9fa4alzcOq3EaNPoG, spotify:artist:1Cs0zKBU1kc0i8ypK3B9ai, spotify:artist:39unIFnj3C60Q4FtYdS7fW, spotify:artist:6mr36E8GEO5zhtL71GCrZ5","Snoop Dogg, David Guetta, Giorgio Tuinfort, Frederic Riesterer","spotify:album:4OQsRSuQ2D7DfnUY0XAbuM","Doggumentary","1","14","196453","","2020-06-20T20:13:07Z"
"spotify:track:6AFIVhbJLR7YVvW9fLFMu1","Huracan","spotify:artist:6h1s4i4XKIYv4ErDelLDN0, spotify:artist:4WZGDpNwrC0vNQyl9QzF7d","Samra, Capital Bra","spotify:album:33SXk8W4aUohvpdRLCIXq4","Huracan","1","1","182238","","2020-06-20T18:34:25Z"
"spotify:track:0FEk8LwY8h4rAR63ggfhV0","Ritual","spotify:artist:2o5jDhtHVPhrJdv3cEQ99Z, spotify:artist:1HBjj22wzbscIZ9sEb5dyf, spotify:artist:5CCwRZC6euC8Odo6y9X8jr","Tiësto, Jonas Blue, Rita Ora","spotify:album:1BsVW2iNL53ZJY573fjHKK","The London Sessions","1","4","198995","","2020-06-20T17:38:05Z"
"spotify:track:69zxj1EFDfAouZu9JDmQld","Secrets - Radio Edit","spotify:artist:2o5jDhtHVPhrJdv3cEQ99Z, spotify:artist:2wX6xSig4Rig5kZU6ePlWe, spotify:artist:7HqEmV7FeCi16bQyHMpIrF","Tiësto, KSHMR, VASSY","spotify:album:4p3CULd5VeCSikL0PYkoP3","Secrets (Radio Edit)","1","1","216967","","2020-06-20T17:34:08Z"
"spotify:track:4CVOUJki8YUWol3jhLphgs","Power","spotify:artist:6BrvowZBreEkXzJQMpL174, spotify:artist:2wX6xSig4Rig5kZU6ePlWe","Hardwell, KSHMR","spotify:album:4G19LdhYXHY60QJepiSVbE","Power","1","1","148837","","2020-06-20T17:30:25Z"
"spotify:track:78XfOXpUShe7mFwhjBEd94","My Best Life (feat. Mike Waters) - Club Mix","spotify:artist:2wX6xSig4Rig5kZU6ePlWe, spotify:artist:35rZNMlMkBs7ghHmGKt0xq","KSHMR, Mike Waters","spotify:album:499pxoME8SyDn5lwogpwrE","My Best Life (feat. Mike Waters) [Club Mix]","1","1","198533","","2020-06-20T17:24:25Z"
"spotify:track:77rj41HJ2iSYuJYdcsucFq","No Regrets (feat. Krewella) - KAAZE Remix","spotify:artist:2wX6xSig4Rig5kZU6ePlWe, spotify:artist:47BEc2RoW53owMyxacXWdV, spotify:artist:0Cd6nHYwecCNM1sVEXKlYr, spotify:artist:6WGE3kO8ULME2ErBcOksSR","KSHMR, Yves V, Krewella, KAAZE","spotify:album:6Fc767MWBVksSLL0Au46yZ","No Regrets (feat. Krewella) [KAAZE Remix]","1","1","207587","","2020-06-20T17:20:47Z"
"spotify:track:2DqhE7xzpGNsKYbptqblJg","Good Things Fall Apart vs. Sad Songs (With Said The Sky feat. Annika Wells)","spotify:artist:45eNHdiiabvmbp4erw26rg, spotify:artist:50JJSqHUf2RQ9xsHs0KMHg, spotify:artist:4LZ4De2MoO3lP6QaNCfvcu, spotify:artist:0kErUwb6xgWfkdn0RyZWHZ","ILLENIUM, Jon Bellion, Said the Sky, Annika Wells","spotify:album:6KICcLGlQnS7908qVzbhP6","ASCEND (Tour Edits)","1","3","366252","","2020-06-20T17:06:19Z"
"spotify:track:4ipRnhSMOaVeLCCo5sPY9K","FiNCHiBOY","spotify:artist:1ZyqnbV7Brg5LgyS4EZCUD","FiNCH ASOZiAL","spotify:album:2XTORm9FlIAjLcTqrguBhM","Finchi's Love Tape","1","4","170773","","2020-06-20T16:20:51Z"
"spotify:track:18danT1iBcCyLbLTCDUr71","Chaya - Remix","spotify:artist:3gkbRDj7pkIylWVBpRfrQf","Nura","spotify:album:1KNme0ydcz7w1rAJaeBM8o","Chaya (Remix)","1","1","183870","","2020-06-20T15:54:15Z"
"spotify:track:4Qy2Eo9URGWbV4VzwBTdxU","Scarface (feat. Capo & Rick Ross)","spotify:artist:2JwyRtuXf2l6sTnSnGVIa1, spotify:artist:5y9wg9qkGBl0n9v9RzaPKu, spotify:artist:1sBkRIssrMs1AbVkOJbc7a","Farid Bang, Capo, Rick Ross","spotify:album:26GpISCXGRAIScjyFcdEOk","Genkidama","1","12","181293","","2020-06-14T21:22:19Z"
"spotify:track:3qT2eKpWNq5cze7kGGORDZ","DAS RENNEN","spotify:artist:18ISxWwWjV6rPLoVCXf1dz","RIN","spotify:album:38xCCfybcmBDFD1HVyHhSy","DAS RENNEN","1","1","193684","","2020-06-14T08:58:47Z"
"spotify:track:5CqkgDH8QZjSqqI3HmYxDD","Airwaves","spotify:artist:34LetYSjEuG2fBb4Z8PwPg","Pashanim","spotify:album:4ZylcATH7a5JkgNNGXxwhJ","Airwaves","1","1","178932","","2020-06-06T13:37:06Z"
"spotify:track:2ISSQPb9LHHiV6ng2NXosL","Beautiful Now","spotify:artist:2qxJFvFYMEDqd7ui6kSAcq, spotify:artist:50JJSqHUf2RQ9xsHs0KMHg","Zedd, Jon Bellion","spotify:album:4jKdXIJckKh7la6xHuKwRT","True Colors","1","3","218293","","2020-06-05T15:15:36Z"
"spotify:track:62Fd9yRbSJTmuxqdzT1ytU","Ebony Eyes - Original Edit","spotify:artist:6mUjbb9eMEXtOS9oSPwYjg, spotify:artist:0DtuqUyBMjKumYHiEUpZ0H, spotify:artist:2QeZvpGelZ3xBGgr3CgIld, spotify:artist:3Isy6kedDrgPYoTS1dazA9","Rico Bernasconi, Tuklan, A-Class, Sean Paul","spotify:album:23llnsLen80trEu9qcRMag","Ebony Eyes","1","1","196616","","2020-06-04T13:33:02Z"
"spotify:track:7ajoc4FfovSUmNzreq8S8x","Girlfriend","spotify:artist:1VBflYyxBhnDc9uVib98rw","Icona Pop","spotify:album:1jwwRnvQrykmQwyPzfVZJt","Girlfriend","1","1","170633","","2020-05-28T14:47:44Z"
"spotify:track:1a5XzsdDDWR7HMwvmXtNlB","She Makes Me Go - Radio Edit","spotify:artist:7hQmAXAzWI6D350VTgkKTG, spotify:artist:3Isy6kedDrgPYoTS1dazA9","Arash, Sean Paul","spotify:album:14iCKQyly6KKlQQNrf86GP","She Makes Me Go","1","1","178280","","2020-05-28T13:23:40Z"
"spotify:track:0UmXSUCoE2I67n8ERd0Hdi","Boom Boom","spotify:artist:07Q9n9pbwR6jQ8xH4SA46b","Justice Crew","spotify:album:4kc6vrABh87kQ4onFSDPLq","Live By The Words","1","6","187026","","2020-05-28T09:39:22Z"
"spotify:track:4qMaMU4zVdMDHXWmOFgpBP","Evacuate The Dancefloor","spotify:artist:0N0d3kjwdY2h7UVuTdJGfp","Cascada","spotify:album:2SRAwcdO1S0wftcsu6MUEb","Evacuate The Dancefloor","1","1","206360","","2020-05-28T08:16:11Z"
"spotify:track:60Qa4MfNC1dgVfuDF6rgMS","Troublemaker","spotify:artist:6MF9fzBmfXghAz953czmBC","Taio Cruz","spotify:album:0TjgUvNEDN2PegfZVkoggi","TY.O (International Version)","1","2","220280","","2020-05-28T08:09:44Z"
"spotify:track:0hxdJjR8w2tiKTGqQN3AS0","Hamma! - Single Edit","spotify:artist:3gemH8D6fpu12DmTmUZYAL","Culcha Candela","spotify:album:6d9tHAdjmEoGOYzrGA81qe","Culcha Candela","1","1","209453","","2020-05-28T07:45:08Z"
"spotify:track:0CAfXk7DXMnon4gLudAp7J","Low (feat. T-Pain)","spotify:artist:0jnsk9HBra6NMjO2oANoPY, spotify:artist:3aQeKQSyrW4qWr35idm0cy","Flo Rida, T-Pain","spotify:album:5j1wrOAOm5KFd17pPiSvle","Mail on Sunday","1","5","231400","","2020-05-28T07:35:21Z"
"spotify:track:1nAGuIZXz6vb8XW0xiMqic","Papi","spotify:artist:2DlGxzQSjYe5N6G9nkYghR","Jennifer Lopez","spotify:album:3sysiYphqNRQw7VKLCg1yE","Love?","1","6","223493","","2020-05-27T14:16:40Z"
"spotify:track:4QNpBfC0zvjKqPJcyqBy9W","Give Me Everything (feat. Ne-Yo, Afrojack & Nayer)","spotify:artist:0TnOYISbd1XYRBk9myaseg, spotify:artist:21E3waRsmPlU7jZsS13rcj, spotify:artist:4D75GcNG95ebPtNvoNVXhz, spotify:artist:1ruutHJcECI7cos2n5TqpO","Pitbull, Ne-Yo, Afrojack, Nayer","spotify:album:4rG0MhkU6UojACJxkMHIXB","Planet Pit (Deluxe Version)","1","2","252306","","2020-05-27T14:03:29Z"
"spotify:track:62pSYErgGri97X9aIyBzHm","Got 2 Luv U (feat. Alexis Jordan)","spotify:artist:3Isy6kedDrgPYoTS1dazA9, spotify:artist:5LmYIx9kSWBJOWbP4xAxb1","Sean Paul, Alexis Jordan","spotify:album:25o3xNsjPJahI22xQENaPd","Tomahawk Technique","1","1","196640","","2020-05-27T11:18:00Z"
"spotify:track:6Uj8ru7TNLDIelbuQ8eBd6","Turn Around (5,4,3,2,1)","spotify:artist:0jnsk9HBra6NMjO2oANoPY","Flo Rida","spotify:album:1TwNATuAqnNjTd5BSvFZlS","Only One Flo (Part 1)","1","2","201386","","2020-05-27T10:51:22Z"
"spotify:track:455AfCsOhhLPRc68sE01D8","Last Friday Night (T.G.I.F.)","spotify:artist:6jJ0s89eD6GaHleKKya26X","Katy Perry","spotify:album:5BvgP623rtvlc0HDcpzquz","Katy Perry - Teenage Dream: The Complete Confection","1","2","230746","","2020-05-27T10:15:30Z"
"spotify:track:14iN3o8ptQ8cFVZTEmyQRV","I Kissed A Girl","spotify:artist:6jJ0s89eD6GaHleKKya26X","Katy Perry","spotify:album:3OALgjCs6Lqw41853v4wEQ","One Of The Boys","1","2","179640","","2020-05-27T09:40:53Z"
"spotify:track:4z8ssgZfs5TzKiO8HaGWXO","E.T.","spotify:artist:6jJ0s89eD6GaHleKKya26X","Katy Perry","spotify:album:5BvgP623rtvlc0HDcpzquz","Katy Perry - Teenage Dream: The Complete Confection","1","8","206373","","2020-05-27T09:37:26Z"
"spotify:track:6tS3XVuOyu10897O3ae7bi","California Gurls","spotify:artist:6jJ0s89eD6GaHleKKya26X, spotify:artist:7hJcb9fa4alzcOq3EaNPoG","Katy Perry, Snoop Dogg","spotify:album:5BvgP623rtvlc0HDcpzquz","Katy Perry - Teenage Dream: The Complete Confection","1","3","234653","","2020-05-27T09:37:20Z"
"spotify:track:55qBw1900pZKfXJ6Q9A2Lc","Teenage Dream","spotify:artist:6jJ0s89eD6GaHleKKya26X","Katy Perry","spotify:album:5BvgP623rtvlc0HDcpzquz","Katy Perry - Teenage Dream: The Complete Confection","1","1","227760","","2020-05-27T09:37:19Z"
"spotify:track:7xkQdy0cy5ymoWT7nedvLz","Whatcha Say","spotify:artist:07YZf4WDAMNwqr4jfgOZ8y","Jason Derulo","spotify:album:0DEsmIQ5ir7tz52Nkf4i1K","Jason Derulo (International)","1","1","221253","","2020-05-27T09:36:45Z"
"spotify:track:1s3wRydgQkvmUf1yqDQLb9","Freaky Like Me (feat. Ameerah) - Main Mix","spotify:artist:6c4sUNBgdonFJz8Kx2VsGz, spotify:artist:4aTfhUG1TgzhNG6pzCsu51","Madcon, Ameerah","spotify:album:2NqaM4jU0bJJSu4JaAfUin","Contraband Re-Edition","1","2","188320","","2020-05-26T18:03:58Z"
"spotify:track:4v6bwHqnKW1zxwxpByk8pO","Single Ladies - Single Edit","spotify:artist:01CC0QaWv9hM4Eroe6ZKHw","Remady & Manu-L","spotify:album:0rLhJ8N4BPG5hyKKAoVFgX","Single Ladies","1","1","225525","","2020-05-26T09:30:04Z"
"spotify:track:3beZMr6EYgBx1fT5Imnyum","Glow - Radio Edit","spotify:artist:6c4sUNBgdonFJz8Kx2VsGz","Madcon","spotify:album:4hQHFfBWKTHkqr4Kjhif2J","Contraband","1","12","228786","","2020-05-26T09:22:03Z"
"spotify:track:3tpq43ITbAyLHcXrYWQ8xW","Tacata' - Radio Edit","spotify:artist:0VQyg9uHH9H7Ncn4BYRarq","Taca Taca","spotify:album:7GqxEWdXIDOSuet7P1fhUr","Tacata'","1","1","211191","","2020-05-25T14:33:06Z"
"spotify:track:6WTy4ZF2lV7Lwrd1BKUc2H","Valentina","spotify:artist:2P7AfQW941UU324qq2ggZf","METRICKZ","spotify:album:52i4x5mQhGBgKrkx6dMJ8G","Ultraviolett","1","6","200727","","2020-05-25T13:33:53Z"
"spotify:track:6c1N7X3dDuHz3GXUHwVcNV","Suizid","spotify:artist:2qMezKrAKRh2Z2uR3fCqHt, spotify:artist:0t9IVyFGzH79wIFfhEXddQ","PA Sports, Kianush","spotify:album:1nZqIqCyQrFNjUMy0Kgnmv","Suizid","1","1","196635","","2020-05-25T13:18:51Z"
"spotify:track:3DB60PbfXFbnKbL8h9Ihrp","Tanz aus der Reihe!","spotify:artist:1EfwyuCzDQpCslZc8C9gkG, spotify:artist:2bIsBfbHR5YjmBUa646ZoF","SDP, Weekend","spotify:album:6tgY2qcEZBHtPSuERgJC9H","Bunte Rapublik Deutschpunk (Premium Edition)","1","7","223506","","2020-05-23T14:10:34Z"
"spotify:track:4heFQCyiW0RUEX1Q1lb008","Different World (feat. CORSAK)","spotify:artist:7vk5e3vY1uw9plTHJAMwjN, spotify:artist:6pWcSL9wSJZQ9ne0TnhdWr, spotify:artist:7bp2lSdh12wcA8LyB1srfJ, spotify:artist:1TcbdifqhtxLz77unBYJ7z","Alan Walker, K-391, Sofia Carson, CORSAK","spotify:album:3nzuGtN3nXARvvecier4K0","Different World","1","7","202906","","2020-05-23T11:59:15Z"
"spotify:track:2vDxrqUKTkgSxn7x3JYms9","SICKO","spotify:artist:4bL2B6hmLlMWnUEZnorEtG, spotify:artist:0JOxt5QOwq0czoJxvSc5hS, spotify:artist:2UlXIWBLOjskz5esa7ec2j","Felix Jaehn, GASHI, FAANGS","spotify:album:3kolpERtzYSxUzWpyxE7uE","SICKO","1","1","157906","","2020-05-23T08:22:52Z"
"spotify:track:71q7gW5xpP67UNmOD7Brc8","Highway","spotify:artist:0PVPI2jOWDJtWpOxrXnT6F","Edo Saiya","spotify:album:3MZtvppXnzewVyfDsopfuW","AKT01","1","1","116044","","2020-05-21T14:37:03Z"
"spotify:track:5ZtRzAXZG81zaFY2DRwAgk","1000x COOLER","spotify:artist:7l8dcABCTyZKrkskt53Z2u","TJ_beastboy","spotify:album:1nx9qKH1LFb6tgte6c7QWl","HYPERREAL-RAVELORD","1","2","147000","","2020-05-21T14:28:15Z"
"spotify:track:28SjW23Jrpgok6orjbFWdB","Kein Grund","spotify:artist:6NG0bF3tpQuQOixbzFPLIv","Lil Lano","spotify:album:2gJong4EcB91YhpbCkyWO9","Kein Grund","1","1","178400","","2020-05-21T14:16:56Z"
"spotify:track:62zFEHfAYl5kdHYOivj4BC","International Love (feat. Chris Brown)","spotify:artist:0TnOYISbd1XYRBk9myaseg, spotify:artist:7bXgB6jMjp9ATFy66eO08Z","Pitbull, Chris Brown","spotify:album:4rG0MhkU6UojACJxkMHIXB","Planet Pit (Deluxe Version)","1","8","227280","","2020-05-21T10:26:37Z"
"spotify:track:3dOBB8XZNu8aqi7JstoRZO","Dangerous Love","spotify:artist:374sWpAJsbZckf98df2jJJ, spotify:artist:3Isy6kedDrgPYoTS1dazA9","Fuse ODG, Sean Paul","spotify:album:3v9NqDh72DLPjhPVBo4oh1","T.I.N.A.","1","8","235375","","2020-05-21T07:54:56Z"
"spotify:track:2QtxlzvSBONjs1bDC34ixs","Yeah 3x","spotify:artist:7bXgB6jMjp9ATFy66eO08Z","Chris Brown","spotify:album:6df0qvkMXoyHGt9J8cujZb","F.A.M.E. (Expanded Edition)","1","7","241666","","2020-05-20T15:48:09Z"
"spotify:track:6qUSs4FDzZUdAhY6JDIJfa","Who's That Chick? (feat. Rihanna)","spotify:artist:1Cs0zKBU1kc0i8ypK3B9ai","David Guetta","spotify:album:5DJc5qCdB5pPrDO97LXjeW","One More Love","2","1","201040","","2020-05-20T15:19:50Z"
"spotify:track:2phNY2bHpAbROCrpAZw2R2","Other Side of Love","spotify:artist:3Isy6kedDrgPYoTS1dazA9","Sean Paul","spotify:album:4AYXhebGFYlUU4Fh0LLTIB","Full Frequency","1","13","185973","","2020-05-20T10:21:47Z"
"spotify:track:4356Typ82hUiFAynbLYbPn","DJ Got Us Fallin' In Love (feat. Pitbull)","spotify:artist:23zg3TcAtWQy7J6upgbUnj, spotify:artist:0TnOYISbd1XYRBk9myaseg","Usher, Pitbull","spotify:album:6A1F3Fkq5dYeYYNkXflcTX","Raymond v Raymond (Expanded Edition)","1","16","220800","","2020-05-20T05:36:48Z"
"spotify:track:4fINc8dnfcz7AdhFYVA4i7","It Girl","spotify:artist:07YZf4WDAMNwqr4jfgOZ8y","Jason Derulo","spotify:album:31tCg5RXhY5jpagfCPcQa2","Future History (Deluxe Edition)","1","2","192200","","2020-05-20T05:33:44Z"
"spotify:track:5Ue25r0VGvZR7vaw3iB0gZ","Turn All the Lights On (feat. Ne-Yo)","spotify:artist:3aQeKQSyrW4qWr35idm0cy, spotify:artist:21E3waRsmPlU7jZsS13rcj","T-Pain, Ne-Yo","spotify:album:49FwsZq64UotAHB0CXGR1N","rEVOLVEr (Deluxe Version)","1","14","216440","","2020-05-20T05:32:46Z"
"spotify:track:4FmyszaYnvrcrMNZq43s1n","Von allein","spotify:artist:3gemH8D6fpu12DmTmUZYAL","Culcha Candela","spotify:album:2GcdSZiPmHsJi8tHlFvnDg","Flätrate","1","5","216813","","2020-05-19T18:11:28Z"
"spotify:track:0k6DnZMLoEUH8NGD5zh2SE","Ayo","spotify:artist:7bXgB6jMjp9ATFy66eO08Z, spotify:artist:5LHRHt1k9lMyONurDHEdrp","Chris Brown, Tyga","spotify:album:4neocSMt40stXKK2B8Sy2G","Fan of A Fan The Album (Expanded Edition)","1","3","225226","","2020-05-19T17:07:08Z"
"spotify:track:1orDTlpI02AkHtNN3RAtLV","Monsta","spotify:artist:3gemH8D6fpu12DmTmUZYAL","Culcha Candela","spotify:album:1rzMyrv3hmCbfHGIJJb3ni","Schöne Neue Welt","1","3","196120","","2020-05-19T11:45:57Z"
"spotify:track:23GRmUjbVdDOrg7xHDld5c","House Party - Radio Edit","spotify:artist:6yTYR09WCvsgdnurDW4WQo, spotify:artist:3yBEHAINorE3uSvsCmyCwQ, spotify:artist:1o9x7ez0NvhDb7gBqrYnUj, spotify:artist:5FTpdDUA9cksspPW5Ix78g","DJ Antoine, Mad Mark, B-Case, U-Jean","spotify:album:6J37nKVlEUA1XyZ6q2fs2O","Sky Is the Limit","1","10","206791","","2020-05-19T11:45:55Z"
"spotify:track:2KgCPRTAECwNbJG1uYdfjl","Stamp On The Ground","spotify:artist:5nkYRuiIHg2xXHFC8bfosJ","ItaloBrothers","spotify:album:7MbWoZrF41CMAzeUZdS8In","Stamp!","1","1","197961","","2020-05-19T11:37:56Z"
"spotify:track:6jizk5lOUnfpaZXYMdfeC6","Trumpets","spotify:artist:07YZf4WDAMNwqr4jfgOZ8y","Jason Derulo","spotify:album:1OdcBxCNY52OXH0r4odXqP","Tattoos","1","5","217306","","2020-05-19T11:37:45Z"
"spotify:track:5QIG1kl6klZIy0Lu67XNYJ","Welcome to St. Tropez - DJ Antoine vs Mad Mark Radio Edit","spotify:artist:6yTYR09WCvsgdnurDW4WQo, spotify:artist:2NoFr6doacvN58q9p9EFky","DJ Antoine, Kalenna","spotify:album:0Gjr3UYirjm0iOaaCdRtxX","Welcome to DJ Antoine","1","1","195192","","2020-05-19T11:28:29Z"
"spotify:track:4nd5onkRpFPvqa8rGIiJgz","Berlin City Girl","spotify:artist:3gemH8D6fpu12DmTmUZYAL","Culcha Candela","spotify:album:53V1mHiWEve3Q86WWFocqi","Das Beste (Deluxe Version)","1","4","226320","","2020-05-19T11:22:11Z"
"spotify:track:6AxCr5G75R5rqyNCYWVpTo","Higher","spotify:artist:6MF9fzBmfXghAz953czmBC, spotify:artist:4RVnAU35WRWra6OZ3CbbMA","Taio Cruz, Kylie Minogue","spotify:album:3h80tQ7iMvnWIE7EdtRhEm","Rokstarr (Special Edition)","1","10","187626","","2020-05-19T11:15:06Z"
"spotify:track:3Ei9s72xX2vqf2Wa678hs4","My Life Is a Party - R.I.O. Edit","spotify:artist:5nkYRuiIHg2xXHFC8bfosJ","ItaloBrothers","spotify:album:6SlLIzSUqIlDdDIwwYHlHv","My Life Is a Party","1","1","207790","","2020-05-18T14:04:01Z"
"spotify:track:4P2LXwm4QA4l7NwUvDAuMu","Final Fantasy","spotify:artist:5pVRwX5ZQR7hfJ18w8ZYkl","Ufo361","spotify:album:1jiFFWjN2ohOQoAOnesuNi","Final Fantasy","1","1","177989","","2020-05-17T10:38:02Z"
"spotify:track:7v8OynJxOxHoeS5C2UA9Y7","Nicht verdient","spotify:artist:4WZGDpNwrC0vNQyl9QzF7d, spotify:artist:2Im8m4STDBosjfmb5hmP80","Capital Bra, Loredana","spotify:album:0x7agz9XATuBItHpQyeD83","Nicht verdient","1","1","176952","","2020-05-16T07:45:51Z"
"spotify:track:5jrdCoLpJSvHHorevXBATy","Dark Horse","spotify:artist:6jJ0s89eD6GaHleKKya26X, spotify:artist:5gCRApTajqwbnHHPbr2Fpi","Katy Perry, Juicy J","spotify:album:5MQBzs5YlZlE28mD9yUItn","PRISM (Deluxe)","1","6","215672","","2020-05-15T16:58:08Z"
"spotify:track:3goH7O78TLkV9RhCAyM4AT","Fame","spotify:artist:1qQLhymHXFPtP5U8KNKsm6","Apache 207","spotify:album:5ANcyb7GrRVY6LZDZKZ72C","Fame","1","1","173760","","2020-05-15T08:09:49Z"
"spotify:track:24UgOPKL5S1vwzLwUtPsz7","WEISSER RAUCH","spotify:artist:1SnSPHBs8l5iAvoWF0aO05","FOURTY","spotify:album:0mvscafKzpawEArw3R55fF","WEISSER RAUCH","1","1","182924","","2020-05-14T13:41:22Z"
"spotify:track:7ytR5pFWmSjzHJIeQkgog4","ROCKSTAR (feat. Roddy Ricch)","spotify:artist:4r63FhuTkUYltbVAg5TQnk, spotify:artist:757aE44tKEUQEqRuT6GnEB","DaBaby, Roddy Ricch","spotify:album:623PL2MBg50Br5dLXC9E9e","BLAME IT ON BABY","1","7","181733","","2020-05-14T13:25:26Z"
"spotify:track:3zu4LFZ5qruUJwtDpCRQW4","Allein sein","spotify:artist:5pVRwX5ZQR7hfJ18w8ZYkl","Ufo361","spotify:album:4UUOJrs6MUmkshzvSbKpAg","Rich Rich","1","9","147353","","2020-05-04T14:50:39Z"
"spotify:track:4rD3luOvJQ9meRCBG7WPER","Final Fantasy","spotify:artist:5pVRwX5ZQR7hfJ18w8ZYkl","Ufo361","spotify:album:4UUOJrs6MUmkshzvSbKpAg","Rich Rich","1","5","177989","","2020-05-04T14:50:38Z"
"spotify:track:6lU4BQWZomCWRfKSowfezE","Emotions","spotify:artist:5pVRwX5ZQR7hfJ18w8ZYkl","Ufo361","spotify:album:4UUOJrs6MUmkshzvSbKpAg","Rich Rich","1","8","146012","","2020-05-04T14:50:32Z"
"spotify:track:01eVMUiJcYmHqy1HUURwOY","Wünsch mir was","spotify:artist:2P7AfQW941UU324qq2ggZf","METRICKZ","spotify:album:7gkyr2RLvlijFDtzXtXnz1","Mufasa","1","4","195859","","2020-05-02T15:04:47Z"
"spotify:track:3ZdDYeaZzeYnrP4crgXzPk","90-60-111","spotify:artist:0JBdTCGs111JKKYfLqOEBa","SHIRIN DAVID","spotify:album:2nOGU9W628Yj17hztw8SAf","90-60-111","1","1","141386","","2020-05-01T14:55:29Z"
"spotify:track:7FpW9V6XATqH6z7jhqQjlp","Olé Olé","spotify:artist:4WZGDpNwrC0vNQyl9QzF7d, spotify:artist:0Dvx6p8JDyzeOPGmaCIH1L, spotify:artist:03bmDyr8klGV17DKQnPZVA","Capital Bra, RAF Camora, Joshi Mizu","spotify:album:2MMExkqjqjzLeR5Q3yhMz9","Olé Olé","1","1","152362","","2020-04-29T13:40:48Z"
"spotify:track:4QnC1bIaMSfDQvF4XDhV5M","Boyfriend","spotify:artist:0C8ZW7ezQVs4URX5aX7Kqx","Selena Gomez","spotify:album:3rA5CgccCbmCnJEzwGnDea","Rare (Deluxe)","1","1","161188","","2020-04-26T12:05:35Z"
"spotify:track:72Bz4ciRZPBcVSw0nrZDHi","Do It Again","spotify:artist:1BhWF9W2PngtPSyobKg0rP, spotify:artist:7bXgB6jMjp9ATFy66eO08Z, spotify:artist:5LHRHt1k9lMyONurDHEdrp","Pia Mia, Chris Brown, Tyga","spotify:album:3kBBntDYL62xlqgnulskwv","Do It Again","1","1","207746","","2020-04-22T17:33:51Z"
"spotify:track:76nqCfJOcFFWBJN32PAksn","Kings & Queens","spotify:artist:4npEfmQ6YuiwW1GpUmaq3F","Ava Max","spotify:album:6yUkGEJftbJl1QPvz4WTjO","Kings & Queens","1","1","162398","","2020-04-22T17:31:01Z"
"spotify:track:1M3TOFSaxwDJ7Y284D8lXt","Heads Will Roll (A-Trak Remix)","spotify:artist:3TNt4aUIxgfy9aoaft5Jj2","Yeah Yeah Yeahs","spotify:album:0wjkEw9EVIqoq6A9UdhfwY","Dance Mix USA (Mixed by Louie Devito) [Continuous DJ Mix]","2","15","310120","","2019-06-02T07:01:25Z"
"spotify:track:5hqelGWfhBo8On7e7Kk5HD","Magisch","spotify:artist:2Z9KL8Zmqx5Sg3cd7Fldhl, spotify:artist:7jkdo74SDT1PYu6Ksbusxa","Olexesh, Edin","spotify:album:6OVnLHxoSlDsbOmKTmdBrz","Magisch","1","1","247708","","2018-03-24T07:28:46Z"
"spotify:track:2ARqIya5NAuvFVHSN3bL0m","The Middle","spotify:artist:2qxJFvFYMEDqd7ui6kSAcq, spotify:artist:6WY7D3jk8zTrHtmkqqo5GI, spotify:artist:4lDBihdpMlOalxy1jkUbPl","Zedd, Maren Morris, Grey","spotify:album:1D8u1ccrRXyFMOGTEXTgTX","The Middle","1","1","184732","","2018-02-06T17:11:11Z"
"spotify:track:57W0BeadXDvfEd9GzjKfpv","Everytime We Touch - B3nte Remix","spotify:artist:0N0d3kjwdY2h7UVuTdJGfp, spotify:artist:2ykUp1K8tRaOUFd8vvcwXl","Cascada, B3nte","spotify:album:76ab3M3nmAGLhCk9iaR3Dc","Everytime We Touch (B3nte Remix)","1","1","185183","","2018-01-28T12:38:40Z"
"spotify:track:1Sl3njkhhz8nrSPZroDQ82","Complicated (feat. Kiiara)","spotify:artist:73jBynjsVtofjRpdpRAJGk, spotify:artist:1Cs0zKBU1kc0i8ypK3B9ai, spotify:artist:2HkAI0YrEcgoR8QdaURqhO, spotify:artist:4u5smJBskI6Adzv08PuiUP","Dimitri Vegas & Like Mike, David Guetta, Dimitri Vegas, Kiiara","spotify:album:6SgTiW8a5BHFXbR03BteCd","Complicated (feat. Kiiara)","1","1","184247","","2017-08-31T16:03:13Z"
"spotify:track:3bidbhpOYeV4knp8AIu8Xn","Can't Hold Us - feat. Ray Dalton","spotify:artist:5BcAKTbp20cv7tC5VqPFoC","Macklemore & Ryan Lewis","spotify:album:76FXHQhTuT4QMIxfL09gX8","The Heist","1","2","258342","","2017-08-04T19:29:40Z"
"spotify:track:3U2tRhznEImDUnEBHQi33v","Let Us Go","spotify:artist:4l43uAIHyF5VzgonMKVkg7","Ryan Oakes","spotify:album:3jH6huzssnEHXCJr46DrNS","Let Us Go","1","1","232228","","2017-07-31T16:27:28Z"
"spotify:track:0dA2Mk56wEzDgegdC6R17g","Stay (with Alessia Cara)","spotify:artist:2qxJFvFYMEDqd7ui6kSAcq, spotify:artist:2wUjUUtkb5lvLKcGKsKqsR","Zedd, Alessia Cara","spotify:album:0VMGOBhLrC5Q2bfZnrocVN","Stay","1","1","210090","","2017-03-03T12:33:07Z"
"spotify:track:41oWiFvBdeS6srKVl20hmt","I'd Love To Change The World - Matstubs Remix","spotify:artist:51V0E9ipJyIj7yFDkaLx96, spotify:artist:0chxndMxE0AhAeYED1Ay9d","Jetta, Matstubs","spotify:album:703OySirU43mehhI6e1VvS","I'd Love To Change The World (Matstubs Remix)","1","1","189973","","2017-02-04T18:25:28Z"
"spotify:track:47hs3xNT3iOGvgmC4eXBAi","Coming Home","spotify:artist:2QYEvpsWUOjqaYuxDPTCmV, spotify:artist:4utLUGcTvOJFr6aqIJtYWV","Diddy - Dirty Money, Skylar Grey","spotify:album:3IOhnJI294Jd2edw7ReJsy","Last Train To Paris (Deluxe)","1","18","238760","","2016-09-29T04:12:51Z"
